success,status_code,response_time_ms,message,timestamp,response_size
True,200,3137.49361038208,I have a headache,2026-03-08T05:58:15.259669,348
True,200,1864.051103591919,I have chest pain,2026-03-08T05:58:17.630150,188
True,200,2371.7615604400635,I'm feeling tired and have a fever,2026-03-08T05:58:20.505433,501
True,200,2333.848714828491,I have a sore throat and cough,2026-03-08T05:58:23.346363,468
True,200,2433.992385864258,I'm experiencing nausea and dizziness,2026-03-08T05:58:26.285118,460
True,200,3124.659776687622,I have a headache,2026-03-08T05:58:29.919484,326
True,200,1639.1105651855469,I have chest pain,2026-03-08T05:58:32.063990,188
True,200,2385.5342864990234,I'm feeling tired and have a fever,2026-03-08T05:58:34.952258,540
True,200,2003.4191608428955,I have a sore throat and cough,2026-03-08T05:58:37.459606,413
True,200,2208.6920738220215,I'm experiencing nausea and dizziness,2026-03-08T05:58:40.176192,586
True,200,2763.2110118865967,I have a headache,2026-03-08T05:58:43.445686,345
True,200,2902.592897415161,I have chest pain,2026-03-08T05:58:43.585932,188
True,200,3357.1839332580566,I'm feeling tired and have a fever,2026-03-08T05:58:44.041400,487
True,200,3358.631372451782,I'm experiencing nausea and dizziness,2026-03-08T05:58:44.044879,545
True,200,3450.073480606079,I have a sore throat and cough,2026-03-08T05:58:44.134956,596
True,200,2285.8242988586426,I have a headache,2026-03-08T05:58:45.732746,439
True,200,2200.3989219665527,I have chest pain,2026-03-08T05:58:45.790151,188
True,200,2623.084783554077,I have a sore throat and cough,2026-03-08T05:58:46.670155,497
True,200,2641.5908336639404,I'm feeling tired and have a fever,2026-03-08T05:58:46.685212,473
True,200,2634.298801422119,I'm experiencing nausea and dizziness,2026-03-08T05:58:46.773322,574
True,200,1761.4283561706543,I have chest pain,2026-03-08T05:58:47.553635,188
True,200,2112.0078563690186,I have a headache,2026-03-08T05:58:47.846794,366
True,200,2291.220188140869,I have a sore throat and cough,2026-03-08T05:58:48.979816,378
True,200,2314.086675643921,I'm feeling tired and have a fever,2026-03-08T05:58:48.987167,568
True,200,2317.1563148498535,I'm experiencing nausea and dizziness,2026-03-08T05:58:49.093029,591
True,200,1614.950180053711,I have chest pain,2026-03-08T05:58:49.463280,188
True,200,2009.596586227417,I have a headache,2026-03-08T05:58:49.565726,346
True,200,2274.260997772217,I'm feeling tired and have a fever,2026-03-08T05:58:51.255721,489
True,200,2294.157028198242,I have a sore throat and cough,2026-03-08T05:58:51.284071,458
True,200,2294.5752143859863,I'm experiencing nausea and dizziness,2026-03-08T05:58:51.389869,525
